[
    {
        "name": "id",
        "dbType": "increments",
        "htmlType": "",
        "validations": "",
        "searchable": false,
        "fillable": false,
        "primary": true,
        "inForm": false,
        "inIndex": false
    },
    {
        "name": "titulo",
        "dbType": "string",
        "htmlType": "text",
        "validations": "required",
        "searchable": true
    },
    {
        "name": "contenido",
        "dbType": "string",
        "htmlType": "text"
    },
    {
        "name": "estado",
        "dbType": "string",
        "htmlType": "text",
        "validations": "required",
        "searchable": true
    },
    {
        "type": "relation",
        "relation": "1tm,archivosactividadescontratos"
    },
    {
        "name": "idcontratos",
        "dbType": "integer:unsigned:foreign,contratos,id",
        "htmlType": "text",
        "relation": "mt1,contratos,idcontratos,id"
    },
    {
        "name": "idtipoactividades",
        "dbType": "integer:unsigned:foreign,tipoactividades,id",
        "htmlType": "text",
        "relation": "mt1,tipoactividades,idtipoactividades,id"
    },
    {
        "name": "algo",
        "type": "relation",
        "relation": "mtm,tipoactividad,contratos_tipoactividades,idcontratos,idtipoactividades"
    },
    {
        "name": "created_at",
        "dbType": "timestamp",
        "htmlType": "",
        "validations": "",
        "searchable": false,
        "fillable": false,
        "primary": false,
        "inForm": false,
        "inIndex": false
    },
    {
        "name": "updated_at",
        "dbType": "timestamp",
        "htmlType": "",
        "validations": "",
        "searchable": false,
        "fillable": false,
        "primary": false,
        "inForm": false,
        "inIndex": false
    }


]
