
[
    {
        "name": "id",
        "dbType": "increments",
        "htmlType": "",
        "validations": "",
        "searchable": false,
        "fillable": false,
        "primary": true,
        "inForm": false,
        "inIndex": false
    },
    {
        "name": "administracion",
        "dbType": "double"
    },
    {
        "name": "administracionporcentaje",
        "dbType": "double"
    },
    {
        "name": "imprevisto",
        "dbType": "double"
    },
    {
        "name": "imprevistoporcentaje",
        "dbType": "double"
    },
    {
        "name": "iddatosejecucion",
        "dbType": "integer:unsigned:foreign,datosejecucionfisicofinanciera,id",
        "htmlType": "text",
        "relation": "mt1,datosejecucionfisicofinanciera,iddatosejecucion,id"
    },
    {
        "name": "created_at",
        "dbType": "timestamp",
        "htmlType": "",
        "validations": "",
        "searchable": false,
        "fillable": false,
        "primary": false,
        "inForm": false,
        "inIndex": false
    },
    {
        "name": "updated_at",
        "dbType": "timestamp",
        "htmlType": "",
        "validations": "",
        "searchable": false,
        "fillable": false,
        "primary": false,
        "inForm": false,
        "inIndex": false
    }


]
