[
    {
        "name": "id",
        "dbType": "increments",
        "htmlType": "",
        "validations": "",
        "searchable": false,
        "fillable": false,
        "primary": true,
        "inForm": false,
        "inIndex": false
    },
    {
        "name": "actaparcial",
        "dbType": "decimal"
    },
    {
        "name": "pendientepagar",
        "dbType": "decimal"
    },
    {
        "name": "estado",
        "dbType": "string",
        "htmlType": "text",
        "validations": "required",
        "searchable": true
    },
    {
        "type": "relation",
        "relation": "1tm,archivosbalancesfinancieros"
    },
    {
        "name": "idcontratos",
        "dbType": "integer:unsigned:foreign,contratos,id",
        "htmlType": "text",
        "relation": "mt1,contratos,idcontratos,id"
    },
    {
        "name": "created_at",
        "dbType": "timestamp",
        "htmlType": "",
        "validations": "",
        "searchable": false,
        "fillable": false,
        "primary": false,
        "inForm": false,
        "inIndex": false
    },
    {
        "name": "updated_at",
        "dbType": "timestamp",
        "htmlType": "",
        "validations": "",
        "searchable": false,
        "fillable": false,
        "primary": false,
        "inForm": false,
        "inIndex": false
    }


]
