[
    {
        "name": "id",
        "dbType": "increments",
        "htmlType": "",
        "validations": "",
        "searchable": false,
        "fillable": false,
        "primary": true,
        "inForm": false,
        "inIndex": false
    },
    {
        "name": "amparo",
        "dbType": "string",
        "htmlType": "text"
    },   
    {
        "name": "vigenciadesde",
        "dbType": "date",
        "validations": "required",
        "searchable": true
    },
    {
        "name": "vigenciahasta",
        "dbType": "date",
        "validations": "required",
        "searchable": true
    },
    {
        "name": "valorasegurado",
        "dbType": "string",
        "htmlType": "text"
    },
    {
        "name": "estadopoliza",
        "dbType": "string",
        "htmlType": "text"
    },
    {
        "name": "idcontratos",
        "dbType": "integer:unsigned:foreign,contratos,id",
        "htmlType": "text",
        "relation": "mt1,contratos,idcontratos,id"
    },
    {
        "name": "created_at",
        "dbType": "timestamp",
        "htmlType": "",
        "validations": "",
        "searchable": false,
        "fillable": false,
        "primary": false,
        "inForm": false,
        "inIndex": false
    },
    {
        "name": "updated_at",
        "dbType": "timestamp",
        "htmlType": "",
        "validations": "",
        "searchable": false,
        "fillable": false,
        "primary": false,
        "inForm": false,
        "inIndex": false
    }


]
