[
    {
        "name": "id",
        "dbType": "increments",
        "htmlType": "",
        "validations": "",
        "searchable": false,
        "fillable": false,
        "primary": true,
        "inForm": false,
        "inIndex": false
    },
    {
        "name": "nombre",
        "dbType": "string",
        "htmlType": "text",
        "validations": "required",
        "searchable": true
    },
    {
        "name": "apellido",
        "dbType": "string",
        "htmlType": "text",
        "validations": "required",
        "searchable": true
    },
    {
        "name": "tipofuncionario",
        "dbType": "string",
        "htmlType": "select,Technology:tech,LifeStyle:ls,Education:edu,Games:game"
    },
    {
        "name": "usuario",
        "dbType": "string",
        "htmlType": "text",
        "validations": "required"
    },
    {
        "name": "contrasena",
        "dbType": "string",
        "htmlType": "password",
        "searchable": false,
        "inForm": false,
        "inIndex": false
    },
    {
        "type": "relation",
        "relation": "1tm,permisos"
    },
    {
        "name": "idpnaturales",
        "dbType": "integer:unsigned:foreign,pnaturales,id",
        "htmlType": "text",
        "relation": "mt1,pnaturales,idpnaturales,id"
    },
    {
        "name": "created_at",
        "dbType": "timestamp",
        "htmlType": "",
        "validations": "",
        "searchable": false,
        "fillable": false,
        "primary": false,
        "inForm": false,
        "inIndex": false
    },
    {
        "name": "updated_at",
        "dbType": "timestamp",
        "htmlType": "",
        "validations": "",
        "searchable": false,
        "fillable": false,
        "primary": false,
        "inForm": false,
        "inIndex": false
    }


]
