[
    {
        "name": "id",
        "dbType": "increments",
        "htmlType": "",
        "validations": "",
        "searchable": false,
        "fillable": false,
        "primary": true,
        "inForm": false,
        "inIndex": false
    },
    {
        "name": "tipopermiso",
        "dbType": "string",
        "htmlType": "text",
        "validations": "required",
        "searchable": true
    },
    {
        "name": "idfuncionarios",
        "dbType": "integer:unsigned:foreign,funcionarios,id",
        "htmlType": "text",
        "relation": "mt1,funcionarios,idfuncionarios,id"
    },
    {
        "name": "created_at",
        "dbType": "timestamp",
        "htmlType": "",
        "validations": "",
        "searchable": false,
        "fillable": false,
        "primary": false,
        "inForm": false,
        "inIndex": false
    },
    {
        "name": "updated_at",
        "dbType": "timestamp",
        "htmlType": "",
        "validations": "",
        "searchable": false,
        "fillable": false,
        "primary": false,
        "inForm": false,
        "inIndex": false
    }


]
