[
    {
        "name": "id",
        "dbType": "increments",
        "htmlType": "",
        "validations": "",
        "searchable": false,
        "fillable": false,
        "primary": true,
        "inForm": false,
        "inIndex": false
    },
    {
        "name": "fechaexpedicion",
        "dbType": "date",
        "validations": "required",
        "searchable": true
    },
    {
        "name": "tipopoliza",
        "dbType": "string",
        "htmlType": "text"
    },
    {
        "name": "npoliza",
        "dbType": "string",
        "htmlType": "text"
    },
    {
        "name": "tipocertificado",
        "dbType": "string",
        "htmlType": "text"
    },
    {
        "name": "observaciones",
        "dbType": "string",
        "htmlType": "text"
    },
    {
        "name": "estado",
        "dbType": "string",
        "htmlType": "text"
    },
    {
        "type": "relation",
        "relation": "1tm,archivospolizas"
    },
    {
        "name": "idcontratos",
        "dbType": "integer:unsigned:foreign,contratos,id",
        "htmlType": "text",
        "relation": "mt1,contratos,idcontratos,id"
    },
    {
        "name": "created_at",
        "dbType": "timestamp",
        "htmlType": "",
        "validations": "",
        "searchable": false,
        "fillable": false,
        "primary": false,
        "inForm": false,
        "inIndex": false
    },
    {
        "name": "updated_at",
        "dbType": "timestamp",
        "htmlType": "",
        "validations": "",
        "searchable": false,
        "fillable": false,
        "primary": false,
        "inForm": false,
        "inIndex": false
    }


]
