[
    {
        "name": "id",
        "dbType": "increments",
        "htmlType": "",
        "validations": "",
        "searchable": false,
        "fillable": false,
        "primary": true,
        "inForm": false,
        "inIndex": false
    },
    {
        "name": "idpersonas",
        "dbType": "integer:unsigned:foreign,personas,id",
        "htmlType": "text",
        "relation": "mt1,personas,idpersonas,id"
    },
    {
        "name": "idusers",
        "dbType": "integer:unsigned:foreign,users,id",
        "htmlType": "text",
        "relation": "mt1,users,idusers,id"
    },
    {
        "name": "algo",
        "type": "relation",
        "relation": "mtm,usuariocreado,personas_users,idpersonas,idusers"
    },
    {
        "name": "created_at",
        "dbType": "timestamp",
        "htmlType": "",
        "validations": "",
        "searchable": false,
        "fillable": false,
        "primary": false,
        "inForm": false,
        "inIndex": false
    },
    {
        "name": "updated_at",
        "dbType": "timestamp",
        "htmlType": "",
        "validations": "",
        "searchable": false,
        "fillable": false,
        "primary": false,
        "inForm": false,
        "inIndex": false
    }


]
